kind	file	page	n
pages	ii001	b8564V2008_b	2
pages	ii002	b8579V2008v_vs_b	2
pages	ii002	b8579V2008r_b	2
pages	ii003	b8575V2008_b	2
pages	ii004	b8580V2008v_vs_b	2
pages	ii004	b8580V2008r_b	2
pages	ii005	b8581V2008v_vs_b	2
pages	ii005	b8581V2008r_b	2
pages	ii006	b8582V2008v_vs_b	2
pages	ii006	b8582V2008r_b	2
pages	ii007	b8574V2008_b	2
pages	ii008	b8565V2008_b	4
pages	ii009	b8629V2008r_b	2
pages	ii009	b8629V2008v_vs_b	2
pages	ii010	b8572V2008r_b	4
pages	ii010	b8572V2008v_vs_b	4
pages	ii011	b8570V2008r_b	2
pages	ii011	b8570V2008v_vs_b	2
pages	ii012	b8571V2008_b	4
pages	ii013	b8569V2008_b	2
pages	ii014	b8578V2008v_vs_b	2
pages	ii014	b8578V2008r_b	2
pages	ii015	b8568V2008r_b	2
pages	ii015	b8568V2008v_vs_b	2
pages	ii016	b8666V2008_b	2
pages	ii017	b8573V2008_b	4
pages	ii018	b8662V2008_b	4
pages	ii019	b8652V2008_b	2
pages	ii020	b8576V2008r_b	2
pages	ii020	b8576V2008v_vs_b	4
pages	ii021	b8577V2008_b	2
pages	ii022	b8567V2008_b	4
pages	ii023	b8588V2008_b	2
pages	ii024	b8589V2008_b	2
pages	ii025	b8657V2008_b	2
pages	ii026	b8660V2008_b	2
pages	ii027	b8656V2008_b	2
pages	ii028	b8587-001V2008_b	2
pages	ii028	b8587-002V2008_b	2
pages	ii028	b8587-002V2008_vs_b	2
pages	ii029	b8566V2008_b	4
pages	ii029	NOTFOUND	4
pages	ii030	b8585V2008_b	4
pages	ii031	b8584V2008_b	2
pages	ii032	b8594-001V2008_b	2
pages	ii032	b8594-002V2008_b	2
pages	ii032	b8594-002V2008_vs_b	2
pages	ii033	b8586V2008r_b	2
pages	ii033	b8586V2008v_vs_b	2
pages	ii034	b8595V2008v_vs_b	2
pages	ii034	b8595V2008r_b	2
pages	ii035	b8583V2008r_b	4
pages	ii035	b8583V2008v_vs_b	4
pages	ii036	b8661V2008_b	4
pages	ii037	b8590V2008_b	2
pages	ii038	b8596-001V2008_b	2
pages	ii038	b8596-002V2008_b	2
pages	ii038	b8596-002V2008_vs_b	2
pages	ii039	b8591V2008r_b	2
pages	ii039	b8591V2008v_vs_b	2
pages	ii040	b8622V2008_b	4
pages	ii041	b8623V2008r_b	2
pages	ii041	b8623V2008v_vs_b	4
pages	ii042	b8620V2008_b	4
pages	ii043	b8624V2008_gb	2
pages	ii044	b8621V2008_b	2
pages	ii045	b8655V2008_b	2
pages	ii045	NOTFOUND	2
pages	ii046	b8592V2008r_b	2
pages	ii046	b8592V2008v_vs_b	4
pages	ii047	b8593V2008_b	2
pages	ii048	b8618V2008r_b	2
pages	ii048	b8618V2008v_vs_b	4
pages	ii049	b8619V2008_b	2
pages	ii050	b8659V2008_b	2
pages	ii051	b8664V2008_b	2
pages	ii052	b8658V2008r_b	2
pages	ii052	b8658V2008v_vs_b	2
pages	ii053	b8663V2008_b	2
pages	ii054	b8665V2008_b	2
pages	ii055	b8653V2008_b	2
pages	ii056	b8654V2008_b	2
pages	ii056	NOTFOUND	2
pages	ii057	b8597V2008r_b	4
pages	ii057	b8597V2008v_vs_b	2
pages	ii058	b8598-001V2008r_b	2
pages	ii058	b8598-001V2008v_vs_b	4
pages	ii058	b8598-002V2008_b	2
pages	ii058	b8598-002V2008_vs_b	2
pages	ii059	b8599-001V2008r_b	2
pages	ii059	b8599-001V2008v_vs_b	2
pages	ii059	b8599-002V2008_b	2
pages	ii059	b8599-002V2008_vs_b	2
pages	ii060	b8626V2008r_b	2
pages	ii060	b8626V2008v_vs_b	4
pages	ii061	b8602-001V2008r_b	2
pages	ii061	b8602-001V2008v_vs_b	4
pages	ii061	b8602-002V2008_b	2
pages	ii061	b8602-002V2008_vs_b	2
pages	ii062	b8603-001V2008r_b	2
pages	ii062	b8603-001V2008v_vs_b	4
pages	ii062	b8603-002V2008_b	2
pages	ii063	b8604-001V2008_b	2
pages	ii063	b8604-002V2008_b	2
pages	ii063	b8604-002V2008_vs_b	2
pages	ii064	b8605V2008r_b	2
pages	ii064	b8605V2008v_vs_b	2
pages	ii065	b8601V2008_b	2
pages	ii066	b8606-001V2008r_b	2
pages	ii066	b8606-001V2008v_vs_b	2
pages	ii066	b8606-002V2008_b	2
pages	ii066	b8606-002V2008_vs_b	2
pages	ii067	b8607-001V2008r_b	2
pages	ii067	b8607-001V2008v_vs_b	2
pages	ii067	b8607-002V2008_b	2
pages	ii067	b8607-002V2008_vs_b	2
pages	ii068	b8608-001V2008_b	2
pages	ii068	b8608-002V2008_b	2
pages	ii068	b8608-002V2008_vs_b	2
pages	ii069	b8609-001V2008r_b	2
pages	ii069	b8609-001V2008v_vs_b	4
pages	ii069	b8609-002V2008_b	2
pages	ii069	b8609-002V2008_vs_b	2
pages	ii070	b8610-001V2008_b	2
pages	ii070	b8610-002V2008_b	2
pages	ii070	b8610-002V2008_vs_b	2
pages	ii071	b8611V2008v_vs_b	2
pages	ii071	b8611V2008r_b	2
pages	ii072	b8612-001V2008_b	2
pages	ii072	b8612-002V2008_b	4
pages	ii073	b8600V2008r_b	2
pages	ii073	b8600V2008v_vs_b	2
pages	ii074	b8613-001V2008_b	2
pages	ii074	b8613-002V2008_b	2
pages	ii074	b8613-002V2008_vs_b	2
pages	ii075	b8642V2008r_b	2
pages	ii075	b8642V2008v_vs_b	2
pages	ii076	b8614-001V2008r_b	2
pages	ii076	b8614-001V2008v_vs_b	4
pages	ii076	b8614-002V2008_b	2
pages	ii076	b8614-002V2008_vs_b	2
pages	ii077	b8615V2008v_vs_b	2
pages	ii077	8615V2008r_b	2
pages	ii078	b8616-001V2008r_b	2
pages	ii078	b8616-001V2008v_vs_b	2
pages	ii078	b8616-002V2008_b	2
pages	ii078	b8616-002V2008_vs_b	2
pages	ii079	b8617-001V2008r_b	2
pages	ii079	b8617-001V2008v_vs_b	4
pages	ii079	b8617-002V2008_b	2
pages	ii079	b8617-002V2008_vs_b	2
pages	ii080	b8627-001V2008r_b	2
pages	ii080	b8627-001V2008v_vs_b	2
pages	ii080	2r3	2
pages	ii080	2v4	2
pages	ii081	b8628-001V2008r_b	2
pages	ii081	b8628-001V2008v_vs_b	2
pages	ii081	b8628-002V2008_b	2
pages	ii081	b8628-002V2008_vs_b	2
pages	ii082	b8630-001V2008r_b	2
pages	ii082	b8630-001V2008v_vs_b	4
pages	ii082	b8630-002V2008_b	2
pages	ii082	b8630-002V2008_vs_b	2
pages	ii083	b8631-001V2008r_b	2
pages	ii083	b8631-001V2008v_vs_b	2
pages	ii083	b8631-002V2008_b	2
pages	ii083	b8631-002V2008_vs_b	2
pages	ii084	b8632V2008v_vs_b	2
pages	ii084	b8632V2008r_b	2
pages	ii085	b8633-001V2008r_b	2
pages	ii085	b8633-001V2008v_vs_b	2
pages	ii085	b8633-002V2008_b	2
pages	ii085	b8633-002V2008_vs_b	2
pages	ii086	b8634V2008v_vs_b	2
pages	ii086	b8634V2008r_b	2
pages	ii087	b8635V2008v_vs_b	2
pages	ii087	b8635V2008r_b	2
pages	ii088	b8636-001V2008r_b	2
pages	ii088	b8636-001V2008v_vs_b	2
pages	ii088	b8636-002V2008_b	2
pages	ii088	b8636-002V2008_vs_b	2
pages	ii089	b8637V2008v_vs_b	2
pages	ii089	b8637V2008r_b	2
pages	ii090	b8638-001V2008r_b	2
pages	ii090	b8638-002V2008_b	2
pages	ii090	b8638-002V2008_vs_b	2
pages	ii091	b8639-001V2008_b	2
pages	ii091	b8639-002V2008_b	2
pages	ii091	b8639-002V2008_vs_b	2
pages	ii092	b8640V2008r_b	4
pages	ii092	b8640V2008v_vs_b	2
pages	ii093	b8625V2008r_b	2
pages	ii093	b8625V2008v_vs_b	4
pages	ii094	b8644V2008r_b	4
pages	ii094	b8644V2008v_vs_b	4
pages	ii095	b8645V2008v_vs_b	4
pages	ii095	b8645V2008r_b	2
pages	ii096	b8646V2008r_b	4
pages	ii096	b8646V2008v_vs_b	4
pages	ii097	b8647V2008r_b	2
pages	ii097	b8647V2008v_vs_b	2
pages	ii098	b8648V2008r_b	4
pages	ii098	b8648V2008v_vs_b	4
pages	ii099	b8641V2008r_b	2
pages	ii099	b8641V2008v_vs_b	4
pages	ii100	b8643V2008r_b	2
pages	ii100	b8643V2008v_vs_b	2
pages	ii101	b8649V2008v_vs_b	2
pages	ii101	b8649V2008r_b	2
pages	ii102	b8650V2008v_vs_b	4
pages	ii102	b8650V2008r_b	2
pages	ii103	b8651-001V2008r_b	2
pages	ii103	b8651-001V2008v_vs_b	2
pages	ii103	b8651-002V2008_b	2
pages	ii103	b8651-002V2008_vs_b	2
