file	colorspace
b4550-004V1986_094095_g_x01	sRGB
b4665V1962_b	sRGB
b5611V1996_vs_g_x01	sRGB
b8564V2008_b	sRGB
b8564V2008_vs_b	sRGB
b8565V2008_b	sRGB
b8565V2008_vs_b	sRGB
b8566V2008_b	sRGB
b8566V2008_vs_b	sRGB
b8567V2008_b	sRGB
b8567V2008_vs_b	sRGB
b8568V2008r_b	sRGB
b8568V2008v_vs_b	sRGB
b8569V2008_b	sRGB
b8569V2008_vs_b	sRGB
b8570V2008r_b	sRGB
b8570V2008v_vs_b	sRGB
b8571V2008_b	sRGB
b8571V2008_vs_b	sRGB
b8572V2008r_b	sRGB
b8572V2008v_vs_b	sRGB
b8573V2008_b	sRGB
b8573V2008_vs_b	sRGB
b8574V2008_b	sRGB
b8574V2008_vs_b	sRGB
b8575V2008_b	sRGB
b8575V2008_vs_b	sRGB
b8576V2008r_b	sRGB
b8576V2008v_vs_b	sRGB
b8577V2008_b	sRGB
b8577V2008_vs_b	sRGB
b8578V2008r_b	sRGB
b8578V2008v_vs_b	sRGB
b8579V2008r_b	sRGB
b8579V2008v_vs_b	sRGB
b8580V2008r_b	sRGB
b8580V2008v_vs_b	sRGB
b8581V2008r_b	sRGB
b8581V2008v_vs_b	sRGB
b8582V2008r_b	sRGB
b8582V2008v_vs_b	sRGB
b8583V2008r_b	sRGB
b8583V2008v_vs_b	sRGB
b8584V2008_b	sRGB
b8584V2008_vs_b	sRGB
b8585V2008_b	sRGB
b8585V2008_vs_b	sRGB
b8586V2008r_b	sRGB
b8586V2008v_vs_b	sRGB
b8587-001V2008_b	sRGB
b8587-001V2008_vs_b	sRGB
b8587-002V2008_b	sRGB
b8587-002V2008_vs_b	sRGB
b8588V2008_b	sRGB
b8588V2008_vs_b	sRGB
b8589V2008_b	sRGB
b8589V2008_vs_b	sRGB
b8590V2008_b	sRGB
b8590V2008_vs_b	sRGB
b8591V2008r_b	sRGB
b8591V2008v_vs_b	sRGB
b8592V2008r_b	sRGB
b8592V2008v_vs_b	sRGB
b8593V2008_b	sRGB
b8593V2008_vs_b	sRGB
b8594-001V2008_b	sRGB
b8594-001V2008_vs_b	sRGB
b8594-002V2008_b	sRGB
b8594-002V2008_vs_b	sRGB
b8595V2008r_b	sRGB
b8595V2008v_vs_b	sRGB
b8596-001V2008_b	sRGB
b8596-002V2008_b	sRGB
b8596-002V2008_vs_b	sRGB
b8597V2008r_b	sRGB
b8597V2008v_vs_b	sRGB
b8598-001V2008r_b	sRGB
b8598-001V2008v_vs_b	sRGB
b8598-002V2008_b	sRGB
b8598-002V2008_vs_b	sRGB
b8599-001V2008r_b	sRGB
b8599-001V2008v_vs_b	sRGB
b8599-002V2008_b	sRGB
b8599-002V2008_vs_b	sRGB
b8600V2008r_b	sRGB
b8600V2008v_vs_b	sRGB
b8601V2008_b	sRGB
b8601V2008_vs_b	sRGB
b8602-001V2008r_b	sRGB
b8602-001V2008v_vs_b	sRGB
b8602-002V2008_b	sRGB
b8602-002V2008_vs_b	sRGB
b8603-001V2008r_b	sRGB
b8603-001V2008v_vs_b	sRGB
b8603-002V2008_b	sRGB
b8603-002V2008_vs_b	sRGB
b8604-001V2008_b	sRGB
b8604-001V2008_vs_b	sRGB
b8604-002V2008_b	sRGB
b8604-002V2008_vs_b	sRGB
b8605V2008r_b	sRGB
b8605V2008v_vs_b	sRGB
b8606-001V2008r_b	sRGB
b8606-001V2008v_vs_b	sRGB
b8606-002V2008_b	sRGB
b8606-002V2008_vs_b	sRGB
b8607-001V2008r_b	sRGB
b8607-001V2008v_vs_b	sRGB
b8607-002V2008_b	sRGB
b8607-002V2008_vs_b	sRGB
b8608-001V2008_b	sRGB
b8608-001V2008_vs_b	sRGB
b8608-002V2008_b	sRGB
b8608-002V2008_vs_b	sRGB
b8609-001V2008r_b	sRGB
b8609-001V2008v_vs_b	sRGB
b8609-002V2008_b	sRGB
b8609-002V2008_vs_b	sRGB
b8610-001V2008_b	sRGB
b8610-001V2008_vs_b	sRGB
b8610-002V2008_b	sRGB
b8610-002V2008_vs_b	sRGB
b8611V2008r_b	sRGB
b8611V2008v_vs_b	sRGB
b8612-001V2008_b	sRGB
b8612-001V2008_vs_b	sRGB
b8612-002V2008_b	sRGB
b8613-001V2008_b	sRGB
b8613-001V2008_vs_b	sRGB
b8613-002V2008_b	sRGB
b8613-002V2008_vs_b	sRGB
b8614-001V2008r_b	sRGB
b8614-001V2008v_vs_b	sRGB
b8614-002V2008_b	sRGB
b8614-002V2008_vs_b	sRGB
b8615V2008r_b	sRGB
b8615V2008v_vs_b	sRGB
b8616-001V2008r_b	sRGB
b8616-001V2008v_vs_b	sRGB
b8616-002V2008_b	sRGB
b8616-002V2008_vs_b	sRGB
b8617-001V2008r_b	sRGB
b8617-001V2008v_vs_b	sRGB
b8617-002V2008_b	sRGB
b8617-002V2008_vs_b	sRGB
b8618V2008r_b	sRGB
b8618V2008v_vs_b	sRGB
b8619V2008_b	sRGB
b8619V2008_vs_b	sRGB
b8620V2008_b	sRGB
b8620V2008_vs_b	sRGB
b8621V2008_b	sRGB
b8621V2008_vs_b	sRGB
b8622V2008_b	sRGB
b8623V2008r_b	sRGB
b8623V2008v_vs_b	sRGB
b8624V2008_gb	sRGB
b8624V2008_vs_b	sRGB
b8625V2008r_b	sRGB
b8625V2008v_vs_b	sRGB
b8626V2008r_b	sRGB
b8626V2008v_vs_b	sRGB
b8627-001V2008r_b	sRGB
b8627-001V2008v_vs_b	sRGB
b8627-002V2008_b	sRGB
b8627-002V2008_vs_b	sRGB
b8628-001V2008r_b	sRGB
b8628-001V2008v_vs_b	sRGB
b8628-002V2008_b	sRGB
b8628-002V2008_vs_b	sRGB
b8629V2008r_b	sRGB
b8629V2008v_vs_b	sRGB
b8630-001V2008r_b	sRGB
b8630-001V2008v_vs_b	sRGB
b8630-002V2008_b	sRGB
b8630-002V2008_vs_b	sRGB
b8631-001V2008r_b	sRGB
b8631-001V2008v_vs_b	sRGB
b8631-002V2008_b	sRGB
b8631-002V2008_vs_b	sRGB
b8632V2008r_b	sRGB
b8632V2008v_vs_b	sRGB
b8633-001V2008r_b	sRGB
b8633-001V2008v_vs_b	sRGB
b8633-002V2008_b	sRGB
b8633-002V2008_vs_b	sRGB
b8634V2008r_b	sRGB
b8634V2008v_vs_b	sRGB
b8635V2008r_b	sRGB
b8635V2008v_vs_b	sRGB
b8636-001V2008r_b	sRGB
b8636-001V2008v_vs_b	sRGB
b8636-002V2008_b	sRGB
b8636-002V2008_vs_b	sRGB
b8637V2008r_b	sRGB
b8637V2008v_vs_b	sRGB
b8638-001V2008r_b	sRGB
b8638-001V2008v_vs_b	sRGB
b8638-002V2008_b	sRGB
b8638-002V2008_vs_b	sRGB
b8639-001V2008_b	sRGB
b8639-001V2008_vs_b	sRGB
b8639-002V2008_b	sRGB
b8639-002V2008_vs_b	sRGB
b8640V2008r_b	sRGB
b8640V2008v_vs_b	sRGB
b8641V2008r_b	sRGB
b8641V2008v_vs_b	sRGB
b8642V2008r_b	sRGB
b8642V2008v_vs_b	sRGB
b8643V2008r_b	sRGB
b8643V2008v_vs_b	sRGB
b8644V2008r_b	sRGB
b8644V2008v_vs_b	sRGB
b8645V2008r_b	sRGB
b8645V2008v_vs_b	sRGB
b8646V2008r_b	sRGB
b8646V2008v_vs_b	sRGB
b8647V2008r_b	sRGB
b8647V2008v_vs_b	sRGB
b8648V2008r_b	sRGB
b8648V2008v_vs_b	sRGB
b8649V2008r_b	sRGB
b8649V2008v_vs_b	sRGB
b8650V2008r_b	sRGB
b8650V2008v_vs_b	sRGB
b8651-001V2008r_b	sRGB
b8651-001V2008v_vs_b	sRGB
b8651-002V2008_b	sRGB
b8651-002V2008_vs_b	sRGB
b8652V2008_b	sRGB
b8652V2008_vs_b	sRGB
b8653V2008_b	sRGB
b8653V2008_vs_b	sRGB
b8654V2008_b	sRGB
b8654V2008_vs_b	sRGB
b8655V2008_b	sRGB
b8655V2008_vs_b	sRGB
b8656V2008_b	sRGB
b8656V2008_vs_b	sRGB
b8657V2008_b	sRGB
b8657V2008_vs_b	sRGB
b8658V2008r_b	sRGB
b8658V2008v_vs_b	sRGB
b8659V2008_b	sRGB
b8659V2008_vs_b	sRGB
b8660V2008_b	sRGB
b8660V2008_vs_b	sRGB
b8661V2008_b	sRGB
b8661V2008_vs_b	sRGB
b8662V2008_b	sRGB
b8662V2008_vs_b	sRGB
b8663V2008_b	sRGB
b8663V2008_vs_b	sRGB
b8664V2008_b	sRGB
b8664V2008_vs_b	sRGB
b8665V2008_b	sRGB
b8665V2008_vs_b	sRGB
b8666V2008_b	sRGB
b8666V2008_vs_b	sRGB
filenotfound	sRGB
